sid,name
1,CKH HOLDINGS
2,CLP HOLDINGS
3,HK & CHINA GAS
4,WHARF HOLDINGS
5,HSBC HOLDINGS
6,POWER ASSETS
7,HK FINANCE INV
8,PCCW
9,KEYNE LTD
10,HANG LUNG GROUP
11,HANG SENG BANK
12,HENDERSON LAND
14,HYSAN DEV
15,VANTAGE INT'L
16,SHK PPT
17,NEW WORLD DEV
18,ORIENTAL PRESS
19,SWIRE PACIFIC A
21,GREAT CHI PPT
22,MEXAN
23,BANK OF E ASIA
24,BURWILL
25,CHEVALIER INT'L
26,CHINA MOTOR BUS
27,GALAXY ENT
28,TIAN AN
29,DYNAMIC HOLD
30,BAN LOONG HOLD
31,CHINA AEROSPACE
32,CROSS-HAR(HOLD)
33,AMBER HILL FIN
34,KOWLOON DEV
35,FE CONSORT INTL
36,FE HLDGS INTL
37,FE HOTELS
38,FIRST TRACTOR
39,CH BEIDAHUANG
40,GOLD PEAK
41,GREAT EAGLE H
42,NE ELECTRIC
43,C.P. POKPHAND
45,HK&S HOTELS
46,COMPUTER & TECH
47,HOP HING GROUP
48,C AUTO INT DECO
50,HK FERRY (HOLD)
51,HARBOUR CENTRE
52,FAIRWOOD HOLD
53,GUOCO GROUP
55,NEWAY GROUP
56,ALLIED PPT (HK)
57,CHEN HSONG HOLD
58,SUNWAY INT'L
59,SKYFAME REALTY
60,HK FOOD INV
61,GREENLEADER-NEW
62,TRANSPORT INT'L
63,CHINA GRAPHENE
64,GET NICE
65,GRAND OCEAN AR
66,MTR CORPORATION
67,LUMENA NEWMAT
68,LEE HING
69,SHANGRI-LA ASIA
70,RICH GOLDMAN
71,MIRAMAR HOTEL
72,MODERN MEDIA
73,ASIAN CITRUS
75,Y.T. REALTY
76,ELATE HOLDINGS
77,AMS TRANSPORT
78,REGAL INT'L
79,CENTURY LEGEND
80,CNEWECON FUND
81,CH OVS G OCEANS
82,V1 GROUP
83,SINO LAND
84,STELUX HOLDINGS
85,CE HUADA TECH
86,SUN HUNG KAI CO
87,SWIRE PACIFIC B
88,TAI CHEUNG HOLD
89,TAI SANG LAND
90,PUXING ENERGY
91,GOLDEN CEN INTL
92,CHAMPION TECH
93,TERMBRAY IND
94,GREENHEART GP
95,LVGEM CHINA
96,YUSEI
97,HENDERSON INV
98,XINGFA ALUM
99,WONG'S INT'L
100,CLEAR MEDIA
101,HANG LUNG PPT
102,SUMMIT ASCENT
103,SHOUGANG CENT
104,ASIA COMM HOLD
105,ASSO INT HOTELS
106,LANDSEA PPT
107,SICHUAN EXPRESS
108,GR PROPERTIES
109,GOODRESOURCES
110,CHINA FORTUNE
111,CINDA INTL HLDG
112,LERTHAI GROUP
113,DICKSON CONCEPT
114,HERALD HOLD
115,GRAND FIELD GP
116,CHOW SANG SANG
117,TIANLI HOLDINGS
118,COSMOS MACH
119,POLY PROPERTY
120,COSMOPOL INT'L
122,CROCODILE
123,YUEXIU PROPERTY
124,GD LAND
125,SUN HING VISION
126,CARRIANNA
127,CHINESE EST H
128,ENM HOLDINGS
129,ASIA STANDARD
130,MOISELLE INT'L
131,CHEUK NANG HOLD
132,CHINA INV HOLD
133,CHINA MERCHANTS
135,KUNLUN ENERGY
136,HENGTEN NET
137,JINHUI HOLDINGS
138,CCT FORTIS
139,CENTRALWEALTHGP
141,SKYCHINAFORTUNE
142,FIRST PACIFIC
143,GUOAN INTL
144,CHINA MER PORT
146,TAI PING CARPET
147,IB SETTLEMENT
148,KINGBOARD HLDG
149,CH AGRI-PROD EX
150,HYPEBEAST
151,WANT WANT CHINA
152,SHENZHEN INT'L
153,CHINA SAITE
154,BE ENVIRONMENT
155,CHINA SOLAR
156,LIPPO CHINA RES
157,NATURAL BEAUTY
158,MELBOURNE ENT
159,BROCKMAN MINING
160,HON KWOK LAND
162,CENTURY GINWA
163,EMPEROR INT'L
164,CHINA BAOLI TEC
165,CHINA EB LTD
166,NEWTIMES ENERGY
167,IDT INT'L
168,TSINGTAO BREW
169,WANDA HOTEL DEV
171,SILVER GRANT
172,GOLDBOND GROUP
173,K. WAH INT'L
174,GEMINI INV
175,GEELY AUTO
176,SUPERACTIVE GP
177,JIANGSU EXPRESS
178,SA SA INT'L
179,JOHNSON ELEC H
180,KADER HOLDINGS
181,FUJIAN HOLDINGS
182,CONCORD NE
183,WINFULL GP
184,KECK SENG INV
185,ZENSUN ENT
186,NIMBLE HOLDINGS
187,JINGCHENG MAC
188,SUNWAH KINGSWAY
189,DONGYUE GROUP
190,HKC (HOLDINGS)
191,LAI SUN INT'L
193,CAPITAL ESTATE
194,LIU CHONG HING
195,GREENTECH INTL
196,HONGHUA GROUP
197,HENG TAI
198,SMI HOLDINGS
199,ITC PROPERTIES
200,MELCO INT'L DEV
201,MAGNIFICENT
202,EVERCHINA INT'L
204,CHINA INV DEV
205,SEEC MEDIA
206,CMIC OCEAN
207,JOY CITY PPT
208,POLYTEC ASSET
209,WINSHINE SCI
210,DAPHNE INT'L
211,STYLAND HOLD
212,NANYANG HOLD
213,NATIONAL ELEC H
214,ASIA ORIENT
215,HUTCHTEL HK
216,CHINNEY INV
217,CHINA CHENGTONG
218,SWHYHK
219,SHUNHO PROPERTY
220,U-PRESID CHINA
221,EASY ONE FIN
222,MIN XIN HOLD
223,ELIFE HLDGS
224,PIONEER GLOBAL
225,POKFULAM
226,LIPPO
227,FIRST SHANGHAI
228,CHINA ENERGY
229,RAYMOND IND
230,MINMETALS LAND
231,PING AN SEC GP
232,AVIC INT'L
234,NEW CENTURY GP
235,CHINA STRATEGIC
236,SAN MIGUEL HK
237,SAFE GODOWN-NEW
238,EVERGREEN INT
239,PAK FAH YEOW
240,BUILD KING HOLD
241,ALI HEALTH
242,SHUN TAK HOLD
243,QPL INT'L
244,SINCERE
245,CHINA VERED FIN
247,TST PROPERTIES
248,HKC INT'L HOLD
250,SINO-I TECH
251,SEA HOLDINGS
252,SE ASIA PPT
253,SHUNHO HOLDINGS
254,NUR HOLDINGS
255,LUNG KEE
256,CITYCHAMP
257,CHINA EB INT'L
258,TOMSON GROUP
259,YEEBO (INT'L H)
260,AVIC JOY HLDG
261,GBA HOLDINGS
262,DESON DEV INT'L
263,GT GROUP HLDG
264,CN INT DEV CORP
265,ORIENT VICTORY
266,TIAN TECK LAND
267,CITIC
268,KINGDEE INT'L
269,CRTG
270,GUANGDONG INV
271,ASIASEC PPT
272,SHUI ON LAND
273,MASON GP HOLD
274,C BILLION RES
275,MASTER GLORY GP
276,MONGOLIA ENERGY
277,TERN PROPERTIES
278,WAH HA REALTY
279,FREEMAN FINTECH
280,KING FOOK HOLD
281,RIVERA (HOLD)
282,NEXT DIGITAL
285,BYD ELECTRONIC
286,AIDIGONG
287,WINFAIR INV
288,WH GROUP
289,WING ON CO
290,C FORTUNE FIN
291,CHINA RES BEER
292,ASIA STD HOTEL
293,CATHAY PAC AIR
294,YANGTZEKIANG
295,KONG SUN HOLD
296,EMPEROR E HOTEL
297,SINOFERT
298,CHUANG'S CHINA
299,GLORY SUN LAND
301,SANVO CHEMICALS
302,CMGE
303,VTECH HOLDINGS
305,WULING MOTORS
306,KWOON CHUNG BUS
307,UP ENERGY DEV
308,CHINA TRAVEL HK
309,XH NEWS MEDIA
310,PROSP INV HOLD
311,LUEN THAI
312,SHIRBLE STORE
313,RICHLY FIELD
315,SMARTONE TELE
316,OOIL
317,COMEC
318,VONGROUP
320,COMPUTIME
321,TEXWINCA HOLD
322,TINGYI
323,MAANSHAN IRON
326,CHINA STAR ENT
327,PAX GLOBAL
328,ALCO HOLDINGS
329,OCI INTL
330,ESPRIT HOLDINGS
331,FSE SERVICES
332,YUANHENG GAS
333,TOP FORM INT'L
334,CH DISPLAY OPT
335,UPBEST GROUP
336,HUABAO INTL
337,GREENLAND HK
338,SHANGHAI PECHEM
339,CORE ECON INV
340,TONGGUAN GOLD
341,CAFE DE CORAL H
342,NEWOCEAN ENERGY
343,CULTURECOM HOLD
345,VITASOY INT'L
346,YANCHANG PETRO
347,ANGANG STEEL
348,CHINAHEALTHWISE
351,ASIA ENERGY LOG
352,FORTUNE SUN
353,ENERGY INTINV
354,CHINASOFT INT'L
355,CENTURY C INT'L
356,DT CAPITAL
357,MEILAN AIRPORT
358,JIANGXI COPPER
359,HAISHENG JUICE
360,NEW FOCUS AUTO
361,SINO GOLF HOLD
362,XINYANG MAOJIAN
363,SHANGHAI IND H
364,BLOCKCHAIN GP
365,SINO ICT
366,LUKS GROUP (VN)
367,CHUANG'S INT'L
368,SUPERLAND GROUP
369,WING TAI PPT
371,BJ ENT WATER
372,PT INTL DEV
374,FOUR SEAS MER
375,YGM TRADING
376,YUNFENG FIN
377,HUAJUN INTL GP
378,FDG KINETIC
379,EG LEASING
380,SOFTPOWER INT
381,KIU HUNG INT'L
382,EDVANTAGE GROUP
383,CHINA MED&HCARE
384,CHINA GAS HOLD
385,CHINNEY ALLI
386,SINOPEC CORP
387,LEEPORT(HOLD)
388,HKEX
389,TONTINE WINES
390,CHINA RAILWAY
391,MEI AH ENTER
392,BEIJING ENT
393,GLORIOUS SUN
395,SMARTAC INTL
396,HING LEE (HK)
397,POWER FINANCIAL
398,ORIENTAL WATCH
399,INNOVATIVE PHAR
400,COGOBUY
401,WANJIA GROUP
403,STARLITE HOLD
405,YUEXIU REIT
406,YAU LEE HOLD
408,YIP'S CHEMICAL
410,SOHO CHINA
411,LAM SOON (HK)
412,CSFG
413,SC HOLDINGS
416,BANKOFJINZHOU
417,TSE SUI LUEN
418,FOUNDER HOLD
419,HUAYI TENCENT
420,FOUNTAIN SET
422,VMEP HOLDINGS
423,HKET HOLDINGS
425,MINTH GROUP
426,ONE MEDIA GROUP
428,COCOON HOLDINGS
430,ORIENTAL EXPL
431,G CHINA FIN
432,PCPD
433,NORTH MINING
434,BOYAA
435,SUNLIGHT REIT
436,NU ENVIRO
438,IRICO NEWENERGY
439,KUANGCHI
440,DAH SING
442,HIFOOD GROUP
444,SINCEREWATCH HK
445,CIMC-TIANDA
449,CHIGO HOLDING
450,HUNG HING PRINT
451,GCL NEWENERGY
455,TIANDA PHARMA
456,NEW CITY DEV
458,TRISTATE HOLD
459,MIDLAND IC&I
460,SIHUAN PHARM
462,NATURAL DAIRY
464,C OVS NUOXIN
465,FUTONG TECH
467,UNITEDENERGY GP
468,GAPACK
469,CAPXON INT'L
471,CMMB VISION
472,NEW SILKROAD
474,HAO TIAN DEV
475,CENTRAL DEV H
476,CH DYNAMICS
479,CIL HOLDINGS
480,HKR INT'L
482,SANDMARTIN INTL
483,BAUHAUS INT'L
484,FORGAME
485,CHINASINOSTAR
486,RUSAL
487,SUCCESSUNIVERSE
488,LAI SUN DEV
489,DONGFENG GROUP
491,EMPEROR CULTURE
493,GOME RETAIL
495,PALADIN
496,KASEN
497,CSI PROPERTIES
498,PYI CORP
499,QINGDAO HLDGS
500,FRONTIER SER
503,LANSEN PHARMA
505,XINGYE ALLOY
506,CHINA FOODS
508,DINGYI GP INV
509,SUNSHINE
511,TVB
512,CHINAGRANDPHARM
513,CONTINENTAL H
515,CHINASILVER TEC
517,COSCO SHIP INTL
518,TUNGTEX (HOLD)
519,APPLIED DEV
520,XIABUXIABU
521,CWT INT'L
522,ASM PACIFIC
524,GREAT WALL B&R
525,GUANGSHEN RAIL
526,CHINA AUTO NR
527,RUIFENG RENEW
528,KINGDOM HOLDING
529,SIS INT'L
530,GOLDIN FIN HOLD
531,SAMSON HOLDING
532,WKK INTL (HOLD)
533,GOLDLION HOLD
535,GEMDALE PPT
536,TRADELINK
538,AJISEN (CHINA)
539,VICTORY CITY
540,SPEEDY GLOBAL
542,TFG INTL GP
543,PACIFIC ONLINE
544,DAIDO GROUP
546,FUFENG GROUP
547,DIGITAL DOMAIN
548,SHENZHENEXPRESS
550,KK CULTURE
551,YUE YUEN IND
552,CHINACOMSERVICE
553,NANJING PANDA
554,HANS ENERGY
555,REXLOT HOLDINGS
556,PAN ASIA ENVIRO
557,TIANYUAN HEALTH
558,LK TECH
559,DETAI NEWENERGY
560,CHU KONG SHIP
563,SH IND URBAN
564,ZMJ
565,ART GROUP HOLD
567,DAISHOMICROLINE
568,SHANDONG MOLONG
570,TRAD CHI MED
571,ESUN HOLDINGS
572,FW HOLDINGS
573,TAO HEUNG HLDGS
574,PASHUN INT'L
575,REGENT PACIFIC
576,ZHEJIANGEXPRESS
577,SOUTH SHORE HLD
578,ROSAN RES
579,JNCEC
580,SUN.KING ELEC
581,CHINA ORIENTAL
582,LANDING INTL
583,GWPA HOLDINGS
585,IMAGI INT'L
586,CONCH VENTURE
587,HUA HAN HEALTH
588,BEIJING N STAR
589,JIANZHONG CONS
590,LUK FOOK HOLD
591,C HIGHPRECISION
592,BOSSINI INT'L
593,DREAMEAST
595,AV CONCEPT HOLD
596,INSPUR INT'L
598,SINOTRANS
599,E. BON HOLDINGS
600,CHINA INFRA INV
601,REMT
602,JIAHUA STORES H
603,CHINA OIL & GAS
604,SHENZHEN INVEST
605,C FIN SERVICES
607,FULLSHARE
608,HIGH FASHION
609,TIANDE CHEMICAL
610,WAI KEE HOLD
611,CNE TECH CORP
612,CHINA DYF
613,PLANETREE INT'L
616,EMINENCE ENT
617,PALIBURG HOLD
618,PKU RESOURCES
619,SOUTH CHINA FIN
620,DTXS SILK ROAD
621,TAUNG GOLD
622,OSHIDORI
623,SINOMEDIA
625,RREEF CCT REIT
626,PUBLIC FIN HOLD
627,FULLSUN INT'L
628,GOME FIN TECH
629,YUE DA INTL
630,AMCO UNITED
631,SANY INT'L
632,CHK OIL
633,CH ALL ACCESS
635,PLAYMATES
636,KERRY LOG NET
637,LEE KEE
638,KIN YAT HOLD
639,SHOUGANG RES
640,INFINITY DEV
641,CHTC FONG'S INT
643,CARRY WEALTH
645,ARES ASIA
646,CHINA ENV TEC
648,WAH YAN-NEW
650,IDG ENERGY INV
651,CHI OCEAN IND
653,BONJOUR HOLD
655,HK CHINESE LTD
656,FOSUN INTL
657,G-VISION INT'L
658,C TRANSMISSION
659,NWS HOLDINGS
660,WAI CHUN BIOTEC
661,CDAYENONFER
662,ASIA FINANCIAL
663,KING STONE ENGY
665,HAITONG INT'L
666,SHK HK IND
667,CHINA EAST EDU
668,DOYEN INTL HOLD
669,TECHTRONIC IND
670,CHINA EAST AIR
672,ZHONGAN GROUP
673,CHINA HEALTH
674,CHINA TANGSHANG
675,K & P INT'L
676,PEGASUS INT'L
677,GOLDEN RES DEV
678,GENTING HK
679,ASIA TELE-NET
680,NAN HAI CORP
681,CHI PEOPLE HOLD
682,CHAODA MODERN
683,KERRY PPT
684,ALLAN INT'L
685,MEDIA CHINESE
686,PANDA GREEN
687,TYSAN HOLDINGS
688,CHINA OVERSEAS
689,EPI (HOLDINGS)
690,UNI-BIO GROUP
691,SHANSHUI CEMENT
693,TAN CHONG INT'L
694,BEIJING AIRPORT
695,DONGWU CEMENT
696,TRAVELSKY TECH
697,SHOUCHENG
698,TONGDA GROUP
699,CAR INC
700,TENCENT
701,CNT GROUP
702,SINO OIL & GAS
703,FUTURE BRIGHT
704,HUSCOKE HLDGS
706,BEAUTI C HOLD
707,ATV HOLDINGS
708,EVERG VEHICLE
709,GIORDANO INT'L
710,BOE VARITRONIX
711,ASIA ALLIED INF
712,COMTEC SOLAR
713,WORLD HOUSEWARE
715,CHINA OCEANWIDE
716,SINGAMAS CONT
717,EMPEROR CAPITAL
718,TAI UNITED HOLD
719,SHANDONG XINHUA
720,AUTO ITALIA
721,C FIN INT INV
722,UMP
723,RELIANCE GLO HL
724,RUIXIN INT'L
725,PERENNIAL INT'L
726,DIT GROUP
727,CROWNICORP
728,CHINA TELECOM
729,FDG EVEHICLES
730,SHOUGANG GRAND
731,SAMSON PAPER
732,TRULY INT'L
733,HOPEFLUENT
736,CHINA PPT INV
737,BAY AREA DEV
738,LE SAUNDA
743,ASIA CEMENT CH
745,CN CULTURE GP
746,L & M CHEMICAL
747,SHENYANG PUBLIC
750,SFSY ENERGY
751,SKYWORTH GROUP
752,PICO FAR EAST
753,AIR CHINA
754,HOPSON DEV HOLD
755,SHANGHAI ZENDAI
756,SUMMI
757,SOLARGIGA
758,MACROLINK CAP
759,CEC INT'L HOLD
760,TALENT PPT GP
762,CHINA UNICOM
763,ZTE
764,ETERNITY INV
765,PERFECTECH INTL
766,SINO PROSPER GP
767,APSR INV
768,UBA INVESTMENTS
769,CHINA RAREEARTH
770,SHANGHAI GROWTH
771,AUTOMATED SYS
772,CHINA LIT
775,CKLIFE SCIENCES
776,IMPERIUM GP
777,NETDRAGON
778,FORTUNE REIT
780,TONGCHENG-ELONG
784,LING YUI
787,GLOBAL BRANDS
788,CHINA TOWER
789,ARTINI HLDG
794,COME SURE GROUP
797,7ROAD
798,CEOVU
799,IGG
800,A8 NEW MEDIA
801,GOLDEN MEDITECH
802,CHINA E-WALLET
803,PROSPERITY INTL
804,PINESTONE
806,VALUE PARTNERS
807,SIICENVIRONMENT
808,PROSPERITY REIT
809,GLOBAL BIO-CHEM
810,CH INTERNET INV
811,XINHUA WINSHARE
812,SWSI
813,SHIMAO GROUP
814,JINGKELONG
815,CHI SILVER GP
816,HUADIAN FUXIN
817,CHINA JINMAO
818,HI SUN TECH
819,TIANNENG POWER
820,HSBCDRAGON FUND
821,VC HOLDINGS
822,KA SHUI INT'L
823,LINK REIT
825,NWDS CHINA
826,TIANGONG INT'L
827,KO YO GROUP
828,DYNASTY WINES
829,SHENGUAN HLDGS
830,CSC DEVELOPMENT
831,CR ASIA
832,CENTRAL CHINA
833,ALLTRONICS
834,KANGDA FOOD
836,CHINA RES POWER
837,CARPENTER TAN
838,EVA HOLDINGS
839,CHINA EDU GROUP
840,TIANYE WATER
841,CASSAVA RES
842,LEOCH INT'L
844,GREATIME INTL
845,GLORIOUS PPT H
846,MINGFA GROUP
848,MAOYE INT'L
850,LONG WELL INTL
851,SHENG YUAN HLDG
852,STRONG PETRO
853,MICROPORT
854,WILLAS-ARRAY
855,CHINA WATER
856,VSTECS
857,PETROCHINA
858,EXTRAWELL PHAR
859,ZHONGCHANG INTL
860,APOLLO FMG
861,DC HOLDINGS
862,VISION VALUES
863,BC TECH GROUP
864,WING LEE PPT
865,JIANDE INT'L
866,CHINA QINFA
867,CMS
868,XINYI GLASS
869,PLAYMATES TOYS
871,CH DREDG ENV
872,TUS INTL
874,BAIYUNSHAN PH
875,CHINA FIN INV
876,KAISA HEALTH
877,O-NET TECH GP
878,SOUNDWILL HOLD
880,SJM HOLDINGS
881,ZHONGSHENG HLDG
882,TIANJIN DEV
883,CNOOC
884,CIFI HOLD GP
885,RENTIAN TECH
886,SILVER BASE
887,EMPEROR WATCH&J
888,BISON FINANCE
889,DATRONIX HOLD
891,TRINITY
893,CHINAVTM MINING
894,MAN YUE TECH
895,DONGJIANG ENV
896,HANISON
897,WAI YUEN TONG
898,MULTIFIELD INTL
899,ASIA RESOURCES
900,AEON CREDIT
901,EAGLERIDE INV
902,HUANENG POWER
904,CHINA GREEN
905,GLOBAL M CAP
906,COFCO PACKAGING
907,ELEGANCEOPTICAL
908,ZHUHAI H INV
910,CHINA SANDI
911,QIANHAI HEALTH
912,SUGA INT'L
913,UNITY INV HOLD
914,CONCH CEMENT
915,DAOHE GLOBAL
916,CHINA LONGYUAN
918,STATE EN ASSETS
919,MODERNHEALTHTEC
921,HISENSE HA
922,ANXIANYUAN CH
923,IWS
924,KHOON GROUP
925,BJ PROPERTIES
926,BESUNYEN
927,FUJIKON IND
928,LIFE HEALTHCARE
929,IPE GROUP
931,CHINA LNG
932,SHUNTEN INTL
933,BRIGHTOIL
934,SINOPEC KANTONS
935,DRAGON CROWN
936,EAGLE LEGEND
938,MAN SANG INT'L
939,CCB
941,CHINA MOBILE
943,ZHONGZHENG INTL
945,MANULIFE-S
947,MOBI DEV
948,ALPHA PRO HLDGS
950,LEE'S PHARM
951,CHAOWEI POWER
952,TONGHAI FIN
953,SHAW BROTHERS
954,CHANGMAO BIO
956,CHINA SUNTIEN
959,CENTURY ENT INT
960,LONGFOR GROUP
966,CHINA TAIPING
967,SOUND GLOBAL
968,XINYI SOLAR
969,HUA LIEN INT'L
970,SPARKLE ROLL
973,L'OCCITANE
974,SKL
975,MONGOL MINING
976,CHIHO ENV
978,CHI MER LAND
979,GREEN ENERGY GP
980,LIANHUA
981,SMIC
982,HJ CAPITAL INTL
983,SOCAM DEV
984,AEON STORES
985,CST GROUP
986,CH ENV ENERGY
987,CH RENEW EN INV
988,SILKROAD LOG
989,GROUND INTL DEV
990,THEME INT'L
991,DATANG POWER
992,LENOVO GROUP
993,HUARONG INT FIN
994,CT VISION
995,ANHUIEXPRESSWAY
996,CARNIVAL GROUP
997,CHINLINK INTL
998,CITIC BANK
999,I.T
1000,BEIJING MEDIA
1001,HK SH ALLIANCE
1002,V.S. INT'L
1003,HUANXI MEDIA
1004,C SMARTERENERGY
1005,MATRIX HOLDINGS
1006,CHANGSHOUHUA
1007,LONGHUI INTL
1008,BRILLIANT CIR
1009,INT'L ENT
1010,PACRAY INT'L
1011,NT PHARMA
1013,WAI CHUN GROUP
1019,CONVOY
1020,CYBERNAUT INT'L
1022,FEIYU
1023,SITOY GROUP
1025,KNT HOLDINGS
1026,UNIVERSAL TECH
1027,CHINA JICHENG
1028,C.BANNER
1029,IRC
1030,SEAZEN
1031,KINGSTON FIN
1033,SINOPEC SSC
1034,FULLWEALTH
1036,VANKE OVERSEAS
1037,MAXNERVA TECH
1038,CKI HOLDINGS
1039,CHANGYOU ALLI
1041,LAMTEX HLDGS
1043,COSLIGHT TECH
1044,HENGAN INT'L
1045,APT SATELLITE
1046,UNIVERSE ENT
1047,NGAI HING HONG
1050,KARRIE INT'L
1051,G-RESOURCES
1052,YUEXIUTRANSPORT
1053,CHONGQING IRON
1055,CHINA SOUTH AIR
1057,ZHEJIANG SHIBAO
1058,GUANGDONG TANN
1059,KANTONE HOLDING
1060,ALI PICTURES
1061,ESSEX BIO-TECH
1062,CDB INT'L INV
1063,SUNCORP TECH
1064,ZHONG HUA INT'L
1065,TIANJIN CAPITAL
1066,WEIGAO GROUP
1068,YURUN FOOD
1069,BOZZA DEVELOP
1070,TCL ELECTRONICS
1071,HUADIAN POWER
1072,DONGFANG ELEC
1073,DA YU FIN
1075,CAPINFO
1076,IMPERIAL PAC
1079,PINE TECH
1080,SHENGLI PIPE
1082,HK EDU INTL
1083,TOWNGAS CHINA
1084,GF HYDROCOLLOID
1085,HXTL
1086,GOODBABY INTL
1087,INVESTECH HLDGS
1088,CHINA SHENHUA
1089,LEYOU TECH H
1090,DA MING INT'L
1091,CITIC DAMENG
1093,CSPC PHARMA
1094,C P PROCUREMENT
1096,SINO ENERGY INT
1097,I-CABLE COMM
1098,ROAD KING INFRA
1099,SINOPHARM
1100,MAINLAND HOLD
1101,HUARONG ENERGY
1102,ENVIRO ENERGY
1103,DASHENG AGR FIN
1104,APAC RESOURCES
1105,SING TAO
1106,MING LAM HLDGS
1107,MODERN LAND
1108,LUOYANG GLASS
1109,CHINA RES LAND
1110,KINGWORLD
1111,CHONG HING BANK
1112,H&H INTL HLDG
1113,CK ASSET
1114,BRILLIANCE CHI
1115,TIBET WATER
1116,MAYER HOLDINGS
1117,CH MODERN D
1118,GOLIK HOLDINGS
1119,IDREAMSKY
1120,ARTS OPTICAL
1121,BAOFENGMODERN
1122,QINGLING MOTORS
1123,CHINA-HK PHOTO
1124,COASTAL GL
1125,LAI FUNG HOLD
1126,DREAM INT'L
1127,LION ROCK GROUP
1128,WYNN MACAU
1129,WATER INDUSTRY
1130,CHINA ENV RES
1131,AGRITRADE RES
1132,ORANGE SKY G H
1133,HARBIN ELECTRIC
1134,KELFRED
1137,HKTV
1138,COSCO SHIP ENGY
1139,VICTORY GROUP
1140,OP FINANCIAL
1141,CMBC CAPITAL
1142,SIBERIAN MINING
1143,LINK-ASIA INTL
1145,COURAGE INV
1146,CH OUTFITTERS
1147,EDENSOFT
1148,POWER XINCHEN
1150,MILAN STATION
1151,ELEC & ELTEK
1152,MOMENTUM FIN
1156,CHINANEWENERGY
1157,ZOOMLION
1158,NC HOTEL
1159,STARLIGHT CUL
1160,YOUTH CHAMP
1161,WATER OASIS GP
1162,LUMINA GROUP
1163,ADTIGER CORP
1164,CGN MINING
1165,SFCE
1166,SOLARTECH INT'L
1168,SINOLINK HOLD
1169,HAIER ELEC
1170,KINGMAKER
1171,YANZHOU COAL
1172,MAGNUSCONCORDIA
1173,VEEKO INT'L
1175,FRESH EXP
1176,ZHUGUANG HOLD
1177,SINO BIOPHARM
1178,HUIYIN HLDGS GP
1180,PARADISE ENT
1181,TANG PALACE
1182,SUCCESS DRAGON
1183,MECOM POWER
1184,S.A.S. DRAGON
1185,CHINA ENERGINE
1186,CHINA RAIL CONS
1188,HYBRID KINETIC
1189,GBA DYNAMIC
1190,BOLINA
1191,CHINA GEM HLDGS
1192,TITAN PETROCHEM
1193,CHINA RES GAS
1194,BAYAREAGOLD-NEW
1195,KINGWELL GROUP
1196,REALORD GROUP
1198,ROYALE HOME
1199,COSCO SHIP PORT
1200,MIDLAND HOLDING
1201,TESSON HOLDINGS
1202,CHENGDU PUTIAN
1203,GUANGNAN (HOLD)
1205,CITIC RESOURCES
1206,TECHNOVATOR
1207,SRE GROUP
1208,MMG
1210,CHRISTINE
1211,BYD COMPANY
1212,LIFESTYLE INT'L
1213,MOBICON GROUP
1215,KAI YUAN HLDGS
1216,ZYBANK
1217,CH INNOVATION
1218,EASYKNIT INT'L
1219,TENWOW INT'L
1220,ZHIDAO INT'L
1221,SINO HOTELS
1222,WANG ON GROUP
1223,SYMPHONY HOLD
1224,C C LAND
1225,LERADO FIN
1226,CH INV FIN GP
1227,NATIONAL INV
1229,NAN NAN RES
1230,YASHILI INT'L
1231,NEWTON RES
1232,GW TIANDI
1233,TIMES CHINA
1234,CHINA LILANG
1235,TRAVEL EXPERT
1237,CH ENV TECH&BIO
1238,POWERLONG
1239,TEAMWAY INTL GP
1240,CNQC INT'L
1241,SHUANGHUA H
1243,WANG ON PPT
1245,NIRAKU
1246,BOILLHEALTHCARE
1247,MIKO INTL
1249,TONLY ELEC
1250,BE CLEAN ENERGY
1251,SPT ENERGY
1252,CHINA TIANRUI
1253,GREENLAND BROAD
1255,S. CULTURE
1257,CEB GREENTECH
1258,CHINFMINING
1259,PROSPER FUTURE
1260,WONDERFUL SKY
1262,LABIXIAOXIN
1263,PC PARTNER
1265,TIANJINJINRAN
1266,XIWANG STEEL
1268,MEIDONG AUTO
1269,FIRST CAP GP
1270,LANGHAM-SS
1271,GRAND MING
1272,DATANG ENVIRO
1273,HK FINANCE GP
1275,NEW CENT REIT
1277,KINETIC M&E
1278,CHINANEWTOWN
1280,QIDIAN INTL
1281,LT SMART ENERGY
1282,GLORY SUN FIN
1283,ACCEL GROUP
1285,JIASHILI GP
1286,IMPRO PRECISION
1288,ABC
1289,SUNLIT SCI
1290,CHINA HUIRONG
1292,CMA LOGISTICS
1293,GRAND BAOXIN
1296,GUODIAN TECH
1297,SINOSOFT TECH
1298,YUNNAN ENERGY
1299,AIA
1300,TRIGIANT
1301,D&G TECH
1302,LIFETECH SCI
1303,HUILI RES
1305,WAI CHI HOLD
1308,SITC
1310,HKBN
1312,TONGFANG KONTA
1313,CHINARES CEMENT
1314,TSUI WAH HLDG
1315,VISION FAME
1316,NEXTEER
1317,MAPLELEAF EDU
1319,OIWAHPAWN
1321,CHINA NEWCITY
1322,CW GROUP HOLD
1323,HUASHENG INTL
1326,TRANSMIT ENT
1327,LUXXU GROUP
1328,GOLDSTREAM INV
1329,CAPITAL GRAND
1330,DYNAGREEN ENV
1332,CHINA TOUYUN
1333,CHINA ZHONGWANG
1335,SHEEN TAI
1336,NCI
1337,RAZER
1338,BAWANG GROUP
1339,PICC GROUP
1340,HUISHENG INTL
1341,HAO TIAN INTL
1343,WEI YUAN HLDG
1345,PIONEER PHARM
1346,LEVER STYLE
1347,HUA HONG SEMI
1348,QUALI-SMART
1349,FUDANZHANGJIANG
1353,NUOQI
1355,LEGEND STRAT
1357,MEITU
1358,PW MEDTECH
1359,CHINA CINDA
1360,NOVA GROUP
1361,361 DEGREES
1362,SIS MOBILE
1363,CTEG
1365,RUNDONG AUTO
1366,JIANGNAN GP
1367,SFUND INTL HLDG
1368,XTEP INT'L
1369,WUZHOU INT'L
1370,AOWEI HOLDING
1371,CHINA LOTSYN
1372,BISU TECH
1373,IH RETAIL
1375,CC SECURITIES
1376,RAFFLESINTERIOR
1378,CHINAHONGQIAO
1380,CHI KINGSTONE
1381,CANVEST ENV
1382,PACIFICTEXTILES
1383,SUNCITY GROUP
1385,SHANGHAI FUDAN
1386,VESTATE GROUP
1387,CHINA DILI
1388,EMBRY HOLDINGS
1389,MAJOR HLDGS
1393,HIDILI INDUSTRY
1395,ELL ENV
1396,GD-HKGBA HLDGS
1397,BAGUIO GREEN
1398,ICBC
1399,SCUD GROUP
1400,MOODY TECH HLDG
1401,SPROCOMM INTEL
1402,I-CONTROL
1410,EDVANCE INTL
1412,Q P GROUP
1415,COWELL
1416,CTR HOLDINGS
1417,RIVERINE CHINA
1418,SINOMAX GROUP
1419,HUMAN HEALTH
1420,CHUAN HOLDING
1421,KINGBO STRIKE
1425,JUSTIN ALLEN H
1426,SPRING REIT
1427,CH TIANBAO GP
1428,BRIGHT SMART
1430,SUCHUANG GAS
1431,YST DAIRY
1432,CHINA SHENGMU
1433,CIRTEK HLDGS
1439,MOBILE INTERNET
1442,INFINITY L&T
1443,FULUM GP HLDG
1446,HUNGFOOKTONG
1447,SFK
1448,FU SHOU YUAN
1449,LEADER EDU
1450,CENTURY SAGE
1451,MS GROUP HLDGS
1452,DENOX ENV
1456,GUOLIAN SEC
1458,ZHOU HEI YA
1459,JUJIANG CONS
1460,ICO GROUP
1461,LUZHENG FUTURES
1462,GOLD-FIN HLDG
1463,C-LINK SQ
1468,KINGKEY FIN INT
1469,GET NICE FIN
1470,PROSPER ONE
1472,SANG HING HLDGS
1475,NISSIN FOODS
1476,HENGTOU SEC
1477,OCUMENSION-B
1478,Q TECH
1480,YAN TAT GROUP
1483,U BANQUET GP
1486,C CHENG HLDGS
1488,BEST FOOD HLDG
1492,ZHONGDI DAIRY
1495,JIYI HOLDINGS
1496,AP RENTALS
1498,PURAPHARM
1499,OKG TECH
1500,INCON
1501,KDL MEDICAL
1502,FIN STREET PPT
1503,CMC REIT
1508,CHINA RE
1509,HARMONICARE
1513,LIVZON PHARMA
1515,CR MEDICAL
1518,NC HEALTHCARE
1520,CEFC FIN INV
1521,FRONTAGE
1522,BII TRANS TECH
1523,PLOVER BAY TECH
1525,GENCH EDU
1526,RICI HEALTH
1527,TENGY ENV
1528,RS MACALLINE
1529,GOAL RISE
1530,3SBIO
1532,CHINA PARTYTIME
1533,ZHUANGYUAN PA
1536,YUK WING GP
1538,ZHONG AO HOME
1539,SYNERGY GROUP
1540,LEFTFIELD PRINT
1542,TAIZHOU WATER
1543,JOIN-SHARE
1545,DESIGN CAPITAL
1546,THELLOY DEV
1547,IBI GROUP HLDGS
1548,GENSCRIPT BIO
1549,EVER HARVEST GP
1551,GRCB
1552,BHCC HOLDING
1553,MAIKE TUBE
1555,MIE HOLDINGS
1556,CHINNEY KW
1557,K.H. GP HLDGS
1558,HEC PHARM
1559,KWAN ON HLDGS
1560,STAR PROPERTIES
1561,PAN ASIA DATA H
1563,IA FIN LEASING
1565,VIRSCEND EDU
1566,CA CULTURAL
1568,SUNDART HLDGS
1569,MINSHENG EDU
1570,WEIYE HOLDINGS
1571,XIN POINT HOLD
1572,CHINA ART FIN
1573,SOUTHERN ENERGY
1575,MORRIS HOLD
1576,QILU EXPRESSWAY
1577,HUIXIN CREDIT
1578,BANK OF TIANJIN
1579,YIHAI INTL
1580,DA SEN HLDGS
1581,PROGRESSIVE P
1582,CR CONSTRUCTION
1583,QINQIN FOODS
1585,YADEA
1586,CHINA LEON
1587,SHINEROAD INTL
1588,CHANJET
1589,CNLP
1591,SHUN WO GROUP
1592,ANCHORSTONE
1593,CHEN LIN EDU
1596,YICHEN IND
1598,21CENTURY EDU
1599,UCD
1600,TIAN LUN GAS
1601,ZGC TEC LEASING
1606,CDB LEASING
1608,VPOWER GROUP
1609,CHONG KIN GP
1610,COFCO MEAT
1611,HUOBI TECH
1612,VINCENT MED
1613,SYNERTONE
1615,AB BUILDERS
1616,STARRISE MEDIA
1617,NANFANG COMM
1618,MCC
1620,CTEH
1621,VICO INTL HLDGS
1622,REDCO GROUP
1623,HILONG
1626,JIA YAO HLDGS
1627,ABLE ENG HLDGS
1628,YUZHOU GROUP
1629,CHAMP ALLI INTL
1630,KIN SHING HLDGS
1631,REF HOLDINGS
1632,MSCTECH
1633,SHEUNG YUE GP
1635,DZUG
1636,CMRU
1637,SH GROUP HLDG
1638,KAISA GROUP
1639,AKM INDUSTRIAL
1640,RUICHENG CHINA
1645,HAINA INTEL
1647,GRANDSHORES
1649,IMEEI
1650,HYGIEIA GROUP
1651,TSUGAMI CHINA
1652,FUSEN PHARM
1655,OKURA HOLDINGS
1656,ISDN HOLDINGS
1657,SG GROUP HLDGS
1658,PSBC
1659,HAITIAN ENERGY
1660,ZHAOBANGJI PPT
1661,WISDOM SPORTS
1662,YEE HOP HLDGS
1663,S HARBOURHOLD
1665,PENTAMASTER
1666,TONG REN TANG
1667,MILESTONE BUILD
1668,CHINASOUTHCITY
1669,GIC GROUP
1671,TIANBAO ENERGY
1672,ASCLETIS-B
1673,HUAZHANG TECH
1675,ASIAINFO TECH
1676,SHENGHAI GROUP
1678,CREATIVE GLOBAL
1679,RISECOMM GP
1680,MACAU LEGEND
1681,CONSUN PHARMA
1682,HP LIVING TECH
1683,HOPE LIFE INT
1685,BOER POWER
1686,SUNEVISION
1689,HUAXIHOLDINGS
1690,LAP KEI ENGRG
1691,JS GLOBAL LIFE
1692,TOWNRAY HLDGS
1693,BGMC
1695,S&P INTL HLDG
1696,SISRAM MED
1697,SDITC
1699,PUTIAN FOOD
1701,TU YI HLDG
1702,DONGGUANG CHEM
1703,PALACE BANQUET
1705,B & S INTL HLDG
1706,SHUANG YUN HLDG
1707,GEOTECH HLDGS
1708,SAMPLE TECH
1709,DL HOLDINGS GP
1710,TRIO IND ELEC
1711,ULFERTS
1712,DRAGON MINING
1713,SICHUAN EN INV
1715,MIJI INTL HLDGS
1716,MOST KWAI CHUNG
1717,AUSNUTRIA
1718,WAN KEI GROUP
1719,CIL GROUP
1720,PUTIAN COMM
1721,FSM HOLDINGS
1722,KIN PANG HLDGS
1723,HK ASIA HLDGS
1725,ETERNITY TECH
1726,HKE HOLDINGS
1727,HEBEI CONS
1728,ZHENGTONGAUTO
1729,TIME INTERCON
1730,LHN
1731,PROSPEROUS IND
1732,XIANGXING INT
1733,E-COMMODITIES
1735,CENTRALHOLD-NEW
1736,PARENTING NET
1737,A & S GROUP
1738,FS ANTHRACITE
1739,QEEKA HOME
1740,VALUES CULTURAL
1741,RI YING HLDGS
1742,HPC HOLDINGS
1743,CANGNAN INST
1745,LVJI TECH
1746,MAN SHUN GP
1747,HOME CONTROL
1748,XIN YUAN ENT
1749,SHANSHAN
1750,REM GROUP HLDGS
1751,KINGLAND GROUP
1752,TOP EDUCATION
1753,DUIBA
1755,S-ENJOY SERVICE
1756,HUALI UNIV GP
1757,AFFLUENT FDN
1758,BOJUN EDU
1759,SINO GAS HLDGS
1760,INTRON TECH
1761,BABYTREE GROUP
1762,WANKA ONLINE
1763,CIRC
1765,HOPE EDU
1766,CRRC
1767,TS WONDERS
1769,SCHOLAR EDU
1771,SUNFONDA GP
1772,GANFENGLITHIUM
1773,TIANLI EDU
1775,BEXCELLENT GP
1776,GF SEC
1777,FANTASIA
1778,COLOUR LIFE
1780,B & D STRATEGIC
1781,SC CREATIVE DEV
1782,VIXTEL TECH
1783,GOLDEN PONDER
1785,CHENGDU EXPWAY
1786,CRCCE
1787,SD GOLD
1788,GUOTAI JUNAN I
1789,AK MEDICAL
1790,TIL ENVIRO
1792,CMON
1793,WECON HOLDINGS
1796,YIELD GO HLDGS
1797,KOOLEARN
1798,DATANG RENEW
1799,XINTE ENERGY
1800,CHINA COMM CONS
1801,INNOVENT BIO
1802,WENYE GROUP
1803,BJ SPORTS & ENT
1806,HUIFU PAYMENT
1808,ENTERPRISE DEV
1809,PRINX CHENGSHAN
1810,XIAOMI-W
1811,CGN NEW ENERGY
1812,CHENMING PAPER
1813,KWG GROUP
1815,CSMALL
1816,CGN POWER
1817,MULSANNE GROUP
1818,ZHAOJIN MINING
1820,PM PACKAGING
1821,ESR
1822,CHINA WOOD INT
1823,HUAYUEXPRESSWAY
1825,STERLING GP
1826,STEERING HLDGS
1827,MIRICOR
1829,CMEC
1830,PERFECT SHAPE
1831,SHIFANG HLDG
1832,SAI LEISURE
1833,PA GOODDOCTOR
1835,REALWAY CAPITAL
1836,STELLA HOLDINGS
1837,NATURAL FOOD IH
1838,CHINAPROPERTIES
1839,CIMC VEHICLES
1841,A.PLUS GROUP
1842,GROWN UP GROUP
1843,SNACK EMPIRE
1845,WG ENV TECH
1846,EUROEYES
1847,GHPC
1848,CALC
1849,AM GROUP
1850,WINDMILL GP
1851,GINGKO EDU
1853,CHUNCHENG HEAT
1854,GOAL FORWARD
1856,ERNEST BOREL
1857,CEB WATER
1858,CHUNLI MEDICAL
1859,BRIGHT CULTURE
1860,MOBVISTA
1861,PRECIOUS DRAGON
1862,JINGRUI HLDGS
1863,CHI LONGEVITY
1865,PIPELINE ENG
1866,CHINA XLX FERT
1867,LKS HOLDING
1868,NEO-NEON
1869,LI BAO GE GP
1870,ACME INTL HLDGS
1871,CHINA ORIENTED
1872,GUAN CHAO HLDGS
1873,VIVA BIOTECH
1875,TOT BIOPHARM-B
1876,BUD APAC
1877,JUNSHI BIO
1878,SOUTHGOBI-S
1881,REGAL REIT
1882,HAITIAN INT'L
1883,CITIC TELECOM
1884,EPRINT GROUP
1885,CH WOOD OPT
1886,HUIYUAN JUICE
1888,KB LAMINATES
1889,SANAI HEALTH GP
1890,CHINA KEPEI
1891,HENG HUP
1894,HANG YICK HLDGS
1895,XINYUAN PM
1896,MAOYAN ENT
1897,MILLIONHOPE IND
1898,CHINA COAL
1899,XINGDA INT'L
1900,CHINA ITS
1901,FEIYANG GROUP
1902,YINCHENG INTL
1903,JBB BUILDERS
1905,HAITONG UT
1906,BONNY HLDG
1907,CHINA RISUN GP
1908,C&D INTL GROUP
1909,FIRE ROCK-NEW
1910,SAMSONITE
1911,CR HOLDINGS
1912,CONTEL
1913,PRADA
1915,TAIHE M-FIN
1916,JIANGXI BANK
1917,DOUMOB
1918,SUNAC
1919,COSCO SHIP HOLD
1920,HANDS FORM HLDG
1921,DALIPAL HLDG
1922,YINCHENG LS
1925,KWUNGS HOLDINGS
1928,SANDS CHINA LTD
1929,CHOW TAI FOOK
1930,SHINELONG
1931,IVD MEDICAL
1932,CPM GROUP
1933,ONEFORCE HLDGS
1935,JH EDUCATION
1936,RITAMIX
1937,JIACHEN HOLDING
1938,CHU KONG PIPE
1939,TOKYO CHUO
1941,YE XING GROUP
1942,MOG HOLDINGS
1943,SILVER TIDE
1949,PLATT NERA
1950,SUNLIGHT TECH H
1951,JXR
1953,RIMBACO
1955,JOHNSON HLDGS
1957,MBV INTL
1958,BAIC MOTOR
1959,CENT UNIT HLDG
1960,TBKS HLDGS
1961,JIU ZUN DIGITAL
1962,EVERGREEN PG
1963,BCQ
1966,CHINA SCE GROUP
1967,CONFIDENCE IN
1968,HINGTEX HLDGS
1969,CHINA CHUNLAI
1970,IMAX CHINA
1971,RSUN SER
1972,SWIREPROPERTIES
1975,SUN HING PRINT
1977,ANALOGUE HLDGS
1978,LH GROUP
1979,TEN PAO GROUP
1980,TIANGE
1981,CATHAY EDU
1982,NAMESON HLDGS
1983,LUZHOU BANK
1985,MICROWARE
1986,TSAKER CHEM
1987,BENG SOON MACH
1988,MINSHENG BANK
1989,PINE CARE GP
1990,XINGHUA PORT
1991,TA YANG GROUP
1992,FOSUN TOURISM
1993,ASIARAY
1995,EVERSUNSHINE LS
1996,RSUN PPT
1997,WHARF REIC
1998,FLYKE INT'L
1999,MAN WAH HLDGS
2000,SIM TECH
2001,NEW HIGHER EDU
2002,SUNSHINE PAPER
2003,VCREDIT
2005,SSY GROUP
2006,JINJIANGCAPITAL
2007,COUNTRY GARDEN
2008,PHOENIX TV
2009,BBMG
2010,REAL NUTRI
2011,CHINA APEX GP
2012,SUNSHINE OIL
2013,WEIMOB INC
2014,OZNER WATER
2016,CZBANK
2017,CHANHIGH
2018,AAC TECH
2019,DEXIN CHINA
2020,ANTA SPORTS
2022,DIGIT HOLLYWOOD
2023,CHINA LUDAO
2025,RUIFENG POWER
2028,JOLIMARK
2030,CABBEEN
2031,AUSUPREME
2033,TIME WATCH
2038,FIH
2039,CIMC
2048,E-HOUSE ENT
2051,51 CREDIT CARD
2060,PUJIANG INTL
2066,SHENGJINGBANK
2068,CHALIECO
2078,PANASIALUM
2080,AUX INTL
2083,NATURE HOME
2086,HNA TECH INV
2088,XIWANG PROPERTY
2098,ZALL SMARTCOM
2099,CHINAGOLDINTL
2100,BAIOO
2103,SINIC HOLDINGS
2108,K2 F&B
2111,BEST PACIFIC
2112,CAA RESOURCES
2113,CENTURY GP INTL
2116,JS INNOV
2118,TIAN SHAN DEV
2119,TSIT WING INTL
2120,KN HOSPITAL
2122,KIDSLAND INTL
2123,GOLDEN SHIELD
2128,CHINA LESSO
2133,GREENWAY MINING
2136,LIFESTYLE CHI
2138,UM HEALTHCARE
2139,BANK OF GANSU
2163,BROAD HOMES
2166,SMART-CORE
2168,KAISA PROSPER
2178,PETRO-KING
2180,MANPOWER GRC
2181,MABPHARM-B
2182,TIAN CHANG GP
2183,SANSHENG HLDG
2186,LUYE PHARMA
2188,TITANS ENERGY
2189,KATO (HK) HLDGS
2193,MAN KING HOLD
2196,FOSUN PHARMA
2198,CHINA SANJIANG
2199,REGINA MIRACLE
2202,CHINA VANKE
2203,BRAINHOLE TECH
2208,GOLDWIND
2211,UNI HEALTH
2212,FB MINING
2213,YI HUA HLDG
2218,ANDRE JUICE
2221,NEW CONCEPTS
2222,NVC INTL
2223,CASABLANCA
2225,JINHAI INTL
2226,HONWORLD GP
2227,SOLIS HOLDINGS
2228,CECEP COSTIN
2230,MEDIALINK GROUP
2231,JY GRANDMARK
2232,CRYSTAL INTL
2233,WESTCHINACEMENT
2236,WISON ENGRG
2238,GAC GROUP
2239,SMIT
2255,HAICHANG HLDG
2258,WATTS INT'L
2262,SLD GROUP
2263,FU SHEK FIN
2266,LAI SI ENT
2268,YOUYUAN HLDGS
2269,WUXI BIO
2277,HUARONG INV
2278,HAILAN HLDGS
2280,HC GROUP
2281,XINGLU WATER
2282,MGM CHINA
2283,TK GROUP HLDG
2286,CHEN XING
2288,RYKADAN CAPITAL
2289,CHARMACY PHAR
2292,THING ON ENT
2293,BAMBOOSHEALTH
2296,HUARCHI GLOBAL
2298,COSMO LADY
2299,BILLION IND
2300,AMVIG HOLDINGS
2302,CNNC INT'L
2303,HENGXING GOLD
2307,KAM HING INT'L
2308,EVOC
2309,BIRMINGHAM SPTS
2310,TIMES UNI GP
2312,CH FIN LEASING
2313,SHENZHOU INTL
2314,LEE & MAN PAPER
2317,VEDAN INT'L
2318,PING AN
2319,MENGNIU DAIRY
2320,HOP FUNG GROUP
2322,HK CHAOSHANG GP
2323,RENCO HOLDINGS
2324,CAPITAL VC
2326,NPE HOLDINGS
2327,MEILLEUREHEALTH
2328,PICC P&C
2329,GUORUI PPT
2330,CHINA UPTOWN
2331,LI NING
2333,GREATWALL MOTOR
2336,HAILIANG INTL
2337,UNITED STRENGTH
2338,WEICHAI POWER
2339,BWI INT'L
2340,SYNERGIS HOLD
2341,ECOGREEN
2342,COMBA
2343,PACIFIC BASIN
2345,SHANGHAI PRIME
2346,UNIVERSAL STAR
2348,DAWNRAYS PHARMA
2349,CH CITY INFRA
2355,BAOYE GROUP
2356,DAHSING BANKING
2357,AVICHINA
2358,JIU RONG HOLD
2359,WUXI APPTEC
2360,BEST MART 360
2362,JINCHUAN INTL
2363,TONGDA HONG TAI
2366,SMI CULTURE
2368,EAGLE NICE
2369,COOLPAD GROUP
2371,CL EDU FIN
2377,BOQI ENV
2378,PRU
2379,ZHONGTIAN INT'L
2380,CHINA POWER
2381,SMC ELECTRIC
2382,SUNNY OPTICAL
2383,TOM GROUP
2386,SINOPEC SEG
2388,BOC HONG KONG
2389,BJ ENT M&H
2393,YESTAR HEALTH
2398,GOOD FRIEND
2399,FORDOO
2400,XD INC
2448,SPACE GROUP
2488,LAUNCH TECH
2500,VENUS MEDTECH-B
2528,FW FASHION INT
2552,HUA MEDICINE-B
2558,JINSHANG BANK
2588,BOC AVIATION
2600,CHALCO
2601,CPIC
2606,LANGUANGJUSTBON
2607,SH PHARMA
2608,SUNSHINE 100
2611,GTJA
2616,CSTONE PHARMA-B
2623,ADD NEW ENERGY
2628,CHINA LIFE
2633,JACOBSON PHARMA
2638,HKELECTRIC-SS
2660,ZENGAME
2662,CAMSING INTL
2663,KPA-BM HLDGS
2666,UNI MEDICAL
2668,PAK TAK INT'L
2669,CHINA OVS PPT
2678,TEXHONG TEXTILE
2680,INNOVAX HLDGS
2682,YUN LEE MARINE
2683,WAHSUN HANDBAGS
2686,AAG ENERGY
2688,ENN ENERGY
2689,ND PAPER
2696,HENLIUS-B
2698,WEIQIAO TEXTILE
2699,XINMING CHINA
2700,GREEN INTL HLDG
2708,IBO TECH
2718,DONGZHENG AFC
2722,CHONGQING M&E
2727,SH ELECTRIC
2728,JINTAI ENERGY H
2738,HUAJIN INTL
2768,JIAYUAN INTL
2772,ZLKG
2777,R&F PROPERTIES
2778,CHAMPION REIT
2779,CH XINHUA EDU
2788,YORKEY OPTICAL
2789,YUANDA CHINA
2798,PER ENERGY
2799,CHINA HUARONG
2800,TRACKER FUND
2801,ISHARES CHINA
2802,ISHARES EM ASIA
2803,PP BEDROCK
2804,PREMIA VIET
2805,VANGUARDASXJP
2806,GX CN CONSUME
2807,GX CN ROBO&AI
2809,GX CN CLN EN
2810,PREMIAEMASEAN
2811,HT CSI300 ETF
2812,SAMSUNGCDGN
2813,CAM CTPB BOND
2819,ABF HK IDX ETF
2820,GX CN BIOTECH
2821,ABF PAIF
2822,CSOP A50 ETF
2823,ISHARES A50
2824,LIPPO HK&M PROP
2825,WISECSIHK100ETF
2826,GX CN CLOUD
2827,WISE CSI300 ETF
2828,HSCEI ETF
2832,BOSERA FA50
2833,HS HSI ETF
2834,ISHARESND100
2836,ISHARES INDIA
2838,HS FCI50 ETF
2840,SPDR GOLD TRUST
2843,AMUNDI A50
2845,GX CN ELE VEH
2846,ISHARESCSI300
2848,TRMSCIKOREA
2858,YIXIN
2863,GOLDEN FAITH GP
2866,COSCO SHIP DEV
2868,BJ CAPITAL LAND
2869,GREENTOWN SER
2877,SHINEWAY PHARM
2878,SOLOMON SYSTECH
2880,DALIAN PORT
2882,HKRH
2883,CHINA OILFIELD
2885,PEIPORT HOLD
2886,BINHAI INV
2888,STANCHART
2892,MILLION CITIES
2898,LONGRUN TEA
2899,ZIJIN MINING
2906,WAH YAN-OLD
2925,CENTRALHOLD-OLD
2928,GREENLEADER-OLD
2929,BAYAREAGOLD-OLD
2931,SAFE GODOWN-OLD
2933,FIRE ROCK-OLD
2934,HK BLDG & LOAN
2935,SHENGYE CAP-2K
2937,CHINA BEST
2939,MOS HOUSE
2940,ALLIED GROUP
2941,CASH FIN SER GP
2942,CELESTIAL ASIA
2943,AFFLUENTPARTNER
3005,CSOPCSI500ETF
3007,TRFXIC50
3010,ISHARES AXJ
3011,A ICBCCICCUSD
3012,AMUNDI HK35
3015,X TRNIFTY50
3016,TRMSCIPHIL
3019,X TRMSCIWORLD
3020,X TRMSCIUSA
3022,ISHARESMSCIEM
3023,PA AI&ROBOTICS
3024,WISE SSE50ETF
3027,X TRMSCIRUSSIA
3032,HSTECH ETF
3033,CSOP HS TECH
3036,TRMSCITAIWAN
3040,GX MSCI CHINA
3043,TRMSCIPACEXJ
3046,VALUE CHINA ETF
3047,F SSIFIRONORE
3048,TRMSCIBRAZIL
3049,X TRCSI300
3053,CSOP HKD MM
3055,TRMSCICHINA
3065,TRMSCISG
3070,PING AN HKDIV
3072,NIKKOAM INET
3073,SPDR GREATCHINA
3074,ISHARESMSCITW
3077,PREMIA UST
3079,CICC CGB
3080,PING AN CGB
3081,VALUEGOLD ETF
3082,TRMSCIMALAY
3085,VANGUARDAXJHY
3086,BMO NASDAQ100
3087,X TRFTSEVIET
3088,CAM HS TECH
3091,A NIKKOAMGAME
3092,TRMSCITHAI
3093,CICCSELECT100
3095,VALUE A SHARE
3096,CSOP USD MM
3097,F GX OIL
3099,X TRMSCIINDO
3100,EFUND CSI100
3101,VANGUARDDVEUR
3110,GX HS HIGH DIV
3115,ISHARESHSI
3118,HGI MSCI CN A
3121,BMO AP REAL EST
3122,CSOP RMB MM
3126,VANGUARDJAPAN
3127,GX CSI300
3128,HS AINDTOPETF
3140,VANGUARDSP500
3141,BMO ASIA IGB
3143,BMO HK BANKS
3145,BMO ASIA HIGHDV
3147,CSOP CHINEXT
3149,CSOP MSCI
3157,CAM SCSMALLCAP
3160,BMO JAPAN HDG
3163,PA MULTI-FACTOR
3165,BMO EU QLTY HDG
3166,PA QLTY FACTOR
3167,ICBCCSOPCHINA
3169,VANGUARDCHINA
3170,ISHARESKS200
3173,PP CN NEWECON
3175,F SAMSUNG OIL
3181,PREMIAASIATEC
3182,WISE NEW ECON50
3186,CICCKRANECNET
3188,CAM CSI300
3191,GX CN SEMICON
3197,CAM MSCI AINC
3198,PING AN 5HANDL
3199,CSOP CTPBBOND
3300,CHINA GLASS
3301,RONSHINECHINA
3302,KINERGY
3303,JUTAL OIL SER
3306,JNBY
3308,GOLDEN EAGLE
3309,C-MER EYE
3311,CHINA STATE CON
3313,ARTGO HOLDINGS
3315,GOLDPAC GROUP
3316,BINJIANG SER
3318,CHINA BOTON
3319,A-LIVING
3320,CHINARES PHARMA
3321,WAI HUNG GROUP
3322,WIN HANVERKY
3323,CNBM
3326,PERFECT GROUP
3328,BANKCOMM
3329,BOCOM INTL
3330,LINGBAO GOLD
3331,VINDA INT'L
3332,SINOLIFE UTD
3333,EVERGRANDE
3335,DBA TELECOM
3336,JU TENG INTL
3337,ANTON OILFIELD
3339,LONKING
3344,GTI HLDGS
3347,TIGERMED
3348,CHINA PENGFEI
3358,BESTWAY GLOBAL
3360,FE HORIZON
3363,ZHENGYE INT'L
3366,OCT (ASIA)
3368,PARKSON GROUP
3369,QHD PORT
3377,SINO-OCEAN GP
3378,XIAMEN PORT
3380,LOGAN GROUP
3382,TIANJINPORT DEV
3383,AGILE GROUP
3389,HENGDELI
3390,TYCOON GROUP
3393,WASION HOLDINGS
3395,PERSTA
3396,LEGENDHOLDING
3398,CHINA TING
3399,YUEYUN TRANS
3600,MODERN DENTAL
3601,LUDASHI
3603,XINJI SHAXI
3606,FUYAO GLASS
3608,YONGSHENG MAT
3613,TONGRENTANGCM
3616,EVER REACH GP
3618,CQRC BANK
3623,C SUCCESS FIN
3626,HSSP INTL
3628,RENHENG ENT
3633,ZHONGYU GAS
3636,POLY CULTURE
3638,HUABANG FIN
3639,YIDA CHINA
3662,AOYUAN HEALTHY
3663,XIEZHONG INTL
3666,TANSH
3668,YANCOAL AUS
3669,YONGDA AUTO
3678,HOLLY FUTURES
3680,SUOXINDA
3681,SINOMAB BIO-B
3683,GREAT HARVEST
3686,CLIFFORDML
3688,TOP SPRING
3689,KANGHUA HEALTH
3690,MEITUAN-W
3692,HANSOH PHARMA
3698,HUISHANG BANK
3699,EB GRAND CHINA
3700,INKE
3708,CH SUPPLY CHAIN
3709,EEKA FASHION
3718,BJ ENT URBAN
3728,CHING LEE
3737,ZHONGZHIPHARM
3738,VOBILE GROUP
3759,PHARMARON
3768,DCWT
3773,NNK
3778,CHINA WEAVING
3788,CHINA HANKING
3789,ROYAL DELUXE
3798,HOMELAND ITL
3799,DALI FOODS
3800,GCL-POLY ENERGY
3808,SINOTRUK
3813,POU SHENG INT'L
3816,KFM KINGDOM
3818,CHINA DONGXIANG
3822,SAM WOO CONS
3828,MING FAI INT'L
3830,KIDDIELAND
3833,XINXIN MINING
3836,HARMONY AUTO
3838,CHINA STARCH
3839,CT ENTERPRISE
3848,WEALTHY WAY
3860,SPEED APPAREL
3866,BQD
3868,XINYI ENERGY
3869,HOSPITAL CORP
3877,CSSC SHIPPING
3878,VICON HOLDINGS
3882,SKYLIGHT HLDG
3883,CHINA AOYUAN
3886,TOWN HEALTH
3888,KINGSOFT
3889,GLOBAL SWEET
3893,CROSSTEC
3898,CRRC TIMES ELEC
3899,CIMC ENRIC
3900,GREENTOWN CHINA
3903,HANHUA FIN
3908,CICC
3918,NAGACORP
3919,GOLDENPOWER
3928,S&T HLDGS
3933,UNITED LAB
3938,LFG INV HLDGS
3939,WANGUO MINING
3948,YITAI COAL
3958,DFZQ
3963,RONGZHONG FIN
3966,CH BAOFENG INTL
3968,CM BANK
3969,CHINA CRSC
3978,BESTSTUDY EDU
3983,CHINA BLUECHEM
3988,BANK OF CHINA
3989,CAPITAL ENV
3990,MIDEA REAL EST
3991,CHANGHONG JH
3992,CREATIVE HLDGS
3993,CMOC
3996,CH ENERGY ENG
3997,TSO
3998,BOSIDENG
3999,DACHAN FOOD
4332,AMGEN-T
4333,CISCO-T
4335,INTEL-T
4336,APPL MATERIAL-T
4337,STARBUCKS-T
4338,MICROSOFT-T
4604,ICBC EURPREF1
4606,CCB 15USDPREF
4607,CINDA 16USDPREF
4608,HSBNK 16USDPREF
4609,CMBC 16USDPREF
4610,CZB 17USDPREF
4611,BQD 17USDPREF
4612,PSBC 17USDPREF
4613,ZZBNK 17USDPREF
4614,CMB 17USDPREF
4615,BOJZ 17USDPREF
4616,BCQ 17USDPREF
4617,ZYBNK 18USDPREF
4618,GRCB 19USDPREF
4619,BOC 20USDPREF
6030,CITIC SEC
6033,TELECOM DIGIT
6036,APEX ACE HLDG
6038,G & M HLDGS
6049,POLY PPT SER
6055,CTIHK
6058,CISI FIN
6060,ZA ONLINE
6063,LOTUS HORIZON
6066,CSC
6068,WISDOM EDU INTL
6069,SHENGYE CAP-500
6078,HYGEIA HEALTH
6080,WING CHI HLDGS
6083,WORLD-LINK LOG
6088,FIT HON TENG
6090,CENTURION CORP
6093,HEVOL SERVICES
6098,CG SERVICES
6099,CMSC
6100,TONGDAO LIEPIN
6108,NEW RAY MEDIC
6110,TOPSPORTS
6111,DAFA PPT
6113,UTS MARKETING
6116,LA CHAPELLE
6117,RIZHAO PORT JR
6118,AUSTAR
6119,TIAN YUAN GP
6122,JIUTAI RCB
6123,YTO EXP INTL
6128,EARTHASIA
6133,VITAL INNO
6136,KANGDA ENV
6138,HARBIN BANK
6139,JINMAO HOTEL-SS
6158,ZHENRO PPT
6160,BEIGENE
6161,TARGET INS
6162,TR INTERIORS
6163,GEMILANG INTL
6166,CHINA VAST
6168,U-TON FUTURE
6169,YUHUA EDU
6178,EB SECURITIES
6182,TWINTEK
6183,CH GREENFRESH
6185,CANSINOBIO-B
6186,CHINA FEIHE
6188,BJ DIGITAL
6189,ADWAY
6190,BANKOFJIUJIANG
6193,TAILAM TECHCON
6196,BANKOFZHENGZHOU
6198,QINGDAO PORT
6199,BANK OF GUIZHOU
6288,FAST RETAIL-DRS
6805,KIMOU ENVIRON
6806,SWHY
6808,SUNART RETAIL
6811,TAI HING GROUP
6812,WINSON HLDGS HK
6816,PROSPER CONS
6818,CEB BANK
6819,INTELLICENTRICS
6820,FRIENDTIMES
6822,KING'S FLAIR
6823,HKT-SS
6826,HAOHAI BIOTEC
6828,BG BLUE SKY
6829,DRAGON RISE GP
6830,HUAZHONG IN-V
6833,SINCO PHARMA
6836,TIANYUN INT'L
6837,HAITONG SEC
6838,WINOX
6839,YUNNAN WATER
6855,ASCENTAGE-B
6858,HONMAGOLF
6860,FINGERTANGO
6862,HAIDILAO
6865,FLAT GLASS
6866,ZUOLI M-FIN
6868,TENFU
6869,YOFC
6877,CLSA PREMIUM
6878,DIFFER GROUP
6880,TEMPUS HOLD
6881,CGS
6882,EGL HOLDINGS
6885,JINMA ENERGY
6886,HTSC
6888,FREETECH
6889,DYNAM JAPAN
6890,KANGLI INT HLDG
6893,HINSANG GROUP
6896,GOLDEN THROAT
6898,CHINA ALUMCAN
6899,OURGAME
6908,HONGGUANG LIGHT
6918,KIDZTECH
6919,RENRUI HR
6928,TOMO HOLDINGS
6933,SINO-ENTERTAIN
6958,ZHENRO SERVICES
6966,C WAN TONG YUAN
6968,GANGLONG CHINA
6969,SMOORE INTL
6978,IMMUNOTECH-B
8001,ORIENTSEC INT
8003,GREAT WORLD
8005,YUXING INFOTECH
8006,SINO SPLENDID
8007,GLOBALSTRAT-NEW
8009,CHI ENGY HOLD
8011,POLYARD PETRO
8013,ECI TECH
8017,TRADEGO
8018,FINSOFT FIN
8019,HAO WEN HLDGS
8020,UNITAS HOLD
8021,WLS HOLDINGS
8022,EVERSHINE GP
8023,KWONG MAN KEE
8025,ACR HOLDINGS
8026,CB GLOBAL
8027,KPM HOLDING
8028,TIMELESS
8029,SUN INT'L
8030,FLYING FIN
8031,ETS GROUP
8032,VIVA CHINA
8033,VODATEL NETWORK
8035,JANCO HOLDINGS
8036,EBROKER GROUP
8037,CH BIOTECH SER
8039,KNK HOLDINGS
8040,DCB HOLDINGS
8041,LUXEY INT'L-NEW
8042,KOS INTL
8043,ATLINKS
8045,NANDASOFT
8047,CHINA OCEAN GP
8048,YU TAK INT'L
8049,JILIN CHANGLONG
8050,QUANTUM THINK
8051,CIRCUTECH
8052,LUK HING ENT
8053,PIZU GROUP
8055,CHI E-INFO TECH
8056,LIFE CONCEPTS
8057,MADISON HLDG
8059,GLORY FLAME
8060,GLOBAL LINK
8062,EFT SOLUTIONS
8063,GLOBAL M HLDG
8065,KML TECH
8066,PHOENITRON HOLD
8067,OUC HOLDINGS
8069,WWPKG HOLDINGS
8070,KEEN OCEAN
8071,CH NETCOMTECH
8072,ROMA GROUP
8073,SINGYES NM
8075,MEDIA ASIA
8076,SING LEE
8078,C CREATIVE DIGI
8079,EASY REPAY FIN
8080,NAS HOLDINGS
8081,HANG TAI YUE GP
8082,SUN ENT GP
8083,CHINA YOUZAN
8085,HK LIFE SCI
8086,SINO VISION WW
8087,CHINA 33MEDIA
8088,AID LIFE SCI
8089,CHINESE STRAT
8090,CHI ASSURANCE
8091,OOH HOLDINGS
8092,ITE HOLDINGS
8093,MILLION STARS
8095,BEIDA JADE BIRD
8096,TASTY CONCEPTS
8098,CL GROUP
8100,GET HOLDINGS
8106,SHENGHUA LANDE
8107,VISION INT-NEW
8108,GRAND PEACE
8109,KIRIN GROUP
8111,CT IND GROUP
8112,CORNERSTONE FIN
8113,HI-LEVEL TECH
8115,SHANGHAI QINGPU
8116,C FORTUNE INV
8117,CHI P ENERGY
8118,BORTEX GLOBAL
8119,THIZ TECHNOLOGY
8120,CH DEMETER FIN
8121,GURU ONLINE
8123,SINOFORTUNE FIN
8125,ROYAL CEN RES
8126,G. A. HOLDINGS
8128,CH GEOTHERMAL
8130,DADI INTL GROUP
8131,ABC MULTIACTIVE
8132,CHINAOILGANGRAN
8133,JETE POWER
8135,ZMFY GLASS
8136,IMS GROUP
8137,HONBRIDGE
8139,CHANGAN RH
8140,BOSATECH
8142,TAK LEE MACH
8143,GF HEALTHCARE
8146,GRACEWINE
8147,MILLENNIUM PG
8148,AURUM PACIFIC
8149,ALTUS HLDGS
8150,SEAMLESS GREEN
8151,BAO SHEN HLDGS
8152,M&L HOLDINGS
8153,FARNOVA GROUP
8155,SC ASSETS HLDGS
8156,SINOPHARM TECH
8158,CRMI
8159,GLORY MARK
8160,GOLDWAY EDU
8161,MEDINET GROUP
8162,LOCO HK
8163,MERDEKA FIN
8165,JIAN EPAYMENT
8166,CHINA ECO-FARM
8167,NEO TELEMEDIA
8168,AMASSE CAPITAL
8169,ECO-TEK HLDGS
8170,ALL NATION INTL
8172,LAJIN ENT
8173,UNION ASIA ENT
8175,C DIGITAL CUL
8176,SUPERROBOTICS
8178,CHINA INFO TECH
8179,FOOD IDEA
8181,SHISHI SERVICES
8186,IR RESOURCES
8187,JIMU GROUP
8188,GME GROUP
8189,TEDA BIOMEDICAL
8190,COMBEST HOLD
8191,HONG WEI ASIA
8192,GLOBAL TOKEN
8193,ASIAPAC FIN-NEW
8195,L&A INTL HOLD
8196,GREAT WATER
8198,LOTO INTERACT
8200,SAU SAN TONG
8201,PPS INT'L
8202,INNO-TECH HOLD
8203,KAISUN HOLDINGS
8205,JIAODA WITHUB
8206,S ROBOT EDU
8207,CHONGSING HLDGS
8208,WMCH GLOBAL
8210,DLC ASIA
8211,ZHEJIANG YONGAN
8213,STARGLORY HLDGS
8215,FIRST CREDIT
8216,MAXICITY
8217,LUEN WONG GP
8218,ECHO INT HOLD
8219,HANVEY GROUP
8220,BINGO GROUP
8221,PF GROUP
8222,E LIGHTING
8223,ZYY
8225,C HEALTH GP
8226,KOALA FIN GP
8227,HAITIAN ANTENNA
8228,NATIONAL ARTS
8229,FUTURE DATA
8230,CHINA YU TIAN
8231,PFC DEVICE
8232,CLASSIFIED GP
8235,CCID CONSULTING
8236,POWERLEADER
8237,LINK HOLDINGS
8238,WINTO GROUP
8239,CAPITAL FIN
8241,YING KEE TEA
8242,NEW WESTERN
8245,ON REAL INT'L
8246,ZHONGHUA GAS
8247,BIOSINO BIO-TEC
8249,RUIYUAN IC TECH
8250,SILK RD ENERGY
8255,CHINA BINARY
8257,GENES TECH
8258,NW INDUSTRY
8259,HON CORP
8260,YIN HE HLDGS
8262,SUPER STRONG
8265,CHINA TRUSTFUL
8266,ZHUOXIN INTL
8267,LINEKONG
8268,DESON CONS
8269,WEALTH GLORY
8270,CHINA CBM
8271,GDC
8272,C FOOD&BEV GP
8275,BEAVER GROUP
8277,STEEDORIENTAL
8279,AGTECH HOLDINGS
8280,CDV HOLDINGS
8281,CH GOLD CLASSIC
8282,GAMEONE
8283,ZHENG LI HLDG
8285,SLING GROUP
8286,CCOE
8287,ZIONCOM
8290,AHSAY BACKUP
8291,WAN CHENG METAL
8292,WORLDGATEGLOBAL
8293,SINGASIA HLDG
8295,ZZ CAP INTL
8296,SINO-LIFE GROUP
8297,BODIBRA
8299,GRAND T G GOLD
8300,ROYALCATERING
8301,MINGWAH HI TECH
8305,TONG KEE HLDG
8307,MEDICSKIN
8308,GUDOU HLDGS
8309,MANSHING GLOBAL
8310,DAFENG PORT
8311,PERFECT OPT
8313,ZACD
8315,GREATWALLE INC
8316,PAK WING GP
8317,FINET GROUP
8319,EXPERT SYS
8320,AEC GROUP
8321,TAI KAM HLDGS
8325,CHINA SMARTPAY
8326,TK NEW ENERGY
8328,XINYI HK
8329,NEP INTERLONG
8331,HANGKAN GROUP
8333,ASTRUM FIN
8337,DIRECTEL
8340,VINCO FINANCIAL
8341,AESO HOLDING
8346,TEM HOLDINGS
8347,F8 ENT
8348,BINHAI TEDA
8349,MEIGU TECH
8350,EXCALIBURGLOBAL
8351,LARRY JEWELRY
8353,ANACLE
8356,CNC HOLDINGS
8357,REPUBLIC HC
8360,AL GROUP
8362,WINNING TOWER
8363,SDM GROUP
8365,VBG INT'L
8366,ZJ UNITED INV
8367,SIMPLICITY HLDG
8368,CREATIVE CHINA
8370,ZHI SHENG GP
8371,TASTEGOURMET GP
8372,GBG HOLDINGS
8373,INDIGO STAR
8375,VERTICAL INT'L
8379,PRIME INTEL
8383,LINOCRAFT HLDGS
8385,PROSPEROUSPRINT
8391,ELEGANCE PRINT
8392,SATU HOLDINGS
8395,TREE HOLDINGS
8400,ASIA PIONEER
8401,STREAM IDEAS
8402,GT STEEL GROUP
8403,DOWWAY
8405,HANG CHI HLDG
8406,ALPHA ERA
8411,K W NELSON GP
8412,BCI GROUP
8413,ASIA GROCERY
8416,HM INTL HLDGS
8417,DADI EDU
8418,OPTIMA AUTO
8419,AV PROMOTIONS
8420,NEXION TECH
8422,WT GROUP
8423,CHI HO DEV
8425,HING MING HLDGS
8426,MODERN LIVING
8427,SK TARGET
8428,CBK HOLDINGS
8429,ICICLE GROUP
8430,C&N HOLDINGS
8431,HAO BAI INTL
8432,BAR PACIFIC
8436,TAKBO GROUP
8437,RMH HOLDINGS
8439,SOMERLEY CAP
8441,IWS GROUP
8445,NOBLE ENG GP
8446,ITP HOLDINGS
8447,MS CONCEPT
8448,UNI PRINTSHOP
8450,EDICO HOLDINGS
8451,SUNLIGHT HLDGS
8452,FY FINANCIAL
8455,LAI GROUP
8456,MANSION INTL
8460,BASETROPHY GP
8462,OMNIBRIDGE HLDG
8465,TRANSTECH
8471,REACH NEW HLDGS
8472,LAPCO HOLDINGS
8473,MI MING MART
8475,K GROUP HLDGS
8476,OCEAN ONE HLDG
8479,JTF INTL
8480,FURNIWEB
8481,SHENGLONG INTL
8482,WAN LEADER
8483,MAX SIGHT GROUP
8485,SMART GLOBE
8487,ISP GLOBAL
8490,NICHE-TECH
8491,COOL LINK
8493,DRAGON KING GP
8495,1957 & CO.
8496,SG FOOD HLDGS
8500,ICONCULTURE
8501,SANBASE CORP
8502,OCEAN LINE PORT
8506,FUTEX HLDGS
8507,I.CENTURY HLDG
8509,WINE'S LINK
8510,TOPSTANDARDCORP
8511,ZC TECH GP
8512,HYFUSIN GROUP
8513,IAG HOLDINGS
8516,GRAND TALENTS
8519,JIA GROUP
8521,ST INTL HLDGS
8523,SHEUNG MOON
8525,BAIYING HOLDING
8526,WING FUNG GROUP
8527,JLOGO HLDGS
8532,POLYFAIR HLDGS
8535,VISTAR HOLDINGS
8536,TL NATURAL GAS
8537,CHONG FAI JEWEL
8540,VICTORY SEC
8545,AMUSE GROUP
8547,PACIFIC LEGEND
8560,VISION INT-OLD
8561,LUXEY INT'L-OLD
8562,ASIAPAC FIN-OLD
8565,GLOBALSTRAT-OLD
8566,SHEN YOU HLDGS
8568,HMVOD
8569,EJE HOLDINGS
8601,BOLTEK
8603,FAMEGLOW
8606,KINETIX SYSTEMS
8607,NARNIA GROUP
8609,EGGRICULTURE
8611,MINDTELL TECH
8612,WORLD SUPER
8613,ORIENTAL PAY
8616,SUNRAY ENG GP
8617,BEST LINKING
8619,WAC HOLDINGS
8620,AE LOGISTICS
8621,METROPOLIS CAP
8622,HUAKANG BIOMED
8623,CHINA SAFTOWER
8627,ORANGE TOUR
8631,SUN KONG HLDGS
8635,NOVACON TECH
8645,NOMAD TECH
8646,CHINA HONGGUANG
8659,YIK WO INTL
8668,YING HAI GROUP
9010,ISHARES AXJ-U
9011,A ICBCCICCUSD-U
9022,ISHARESMSCIEM-U
9047,F SSIFIRONORE-U
9072,NIKKOAM INET-U
9074,ISHARESMSCITW-U
9077,PREMIA UST-U
9078,PREMIA UST A-U
9081,VALUEGOLD ETF-U
9085,VANGUARDAXJHY-U
9086,BMO NASDAQ100-U
9088,CAM HS TECH-U
9091,A NIKKOAMGAME-U
9096,CSOP USD MM-U
9101,VANGUARDDVEUR-U
9115,ISHARESHSI-U
9126,VANGUARDJAPAN-U
9140,VANGUARDSP500-U
9141,BMO ASIA IGB-U
9167,ICBCCSOPCHINA-U
9169,VANGUARDCHINA-U
9170,ISHARESKS200-U
9173,PP CN NEWECON-U
9181,PREMIAASIATEC-U
9186,CICCKRANECNET-U
9191,GX CN SEMICON-U
9618,JD-SW
9668,CBHB
9803,PP BEDROCK-U
9804,PREMIA VIET-U
9805,VANGUARDASXJP-U
9806,GX CN CONSUME-U
9807,GX CN ROBO&AI-U
9809,GX CN CLN EN-U
9810,PREMIAEMASEAN-U
9812,SAMSUNGCDGN-U
9820,GX CN BIOTECH-U
9826,GX CN CLOUD-U
9834,ISHARESND100-U
9836,ISHARES INDIA-U
9845,GX CN ELE VEH-U
9846,ISHARESCSI300-U
9900,GAIN PLUS HLDGS
9906,HONLIV HEALTH
9908,JIAXING GAS
9909,POWERLONG CM
9911,NEWBORNTOWN
9913,CHI KAN HLDGS
9916,XINGYE WULIAN
9918,WISE ALLY INTL
9919,ACTIVATION GP
9922,JIUMAOJIU
9923,YEAHKA
9926,AKESO-B
9928,TIMES NEIGHBOR
9929,SEM HLDGS
9933,GHW INTL
9936,XIMEI RESOURCES
9938,WAH WO HOLDINGS
9939,KINTOR PHARMA-B
9958,LITIAN PICTURES
9966,ALPHAMAB-B
9968,HUIJING HLDGS
9969,INNOCARE-B
9977,FENGXIANG CO
9978,FINELANDSERVICE
9979,GREENTOWN MGMT
9983,CC NEW LIFE
9986,DASHAN EDU
9988,BABA-SW
9989,HEPALINK
9990,ARCHOSAUR GAMES
9996,PEIJIA-B
9997,KANGJI MEDICAL
9998,KWAN YONG
9999,NTES-S